UID,UNM,CMT
155259,Max Goodman,794
76310,Neil Williams,656
155195,Brian Simpson,312
955,Andre d,287
155199,Logan Hanks,228
155864,Keith Mitchell,222
156166,Christopher Slowe,124
155842,Chad Birch,124
155140,David King,105
505626,spez,104
155543,shlurbee,66
155366,Ricky Ramirez,64
1106,Winston Chang,59
1198,Philip Kaufmann,45
155868,Jason Harvey,43
156058,Jeff Sandberg,35
1207,Pieter Wuille,34
1110,Joe Cheng,30
2513,Ivan De Marino,27
2638,Jon Leighton,27
