PQID,UID,Year,Month,Day,CMT_AMT,CAT,UNM
14,1110,2013,6,19,2,I,Joe Cheng
20,1106,2013,8,23,1,I,Winston Chang
25,1106,2013,7,9,1,I,Winston Chang
26,1110,2013,7,6,17,I,Joe Cheng
27,1110,2013,7,5,1,I,Joe Cheng
29,1106,2013,6,24,2,I,Winston Chang
29,1110,2013,6,21,2,I,Joe Cheng
29,1110,2013,7,4,1,I,Joe Cheng
30,1110,2013,6,19,1,I,Joe Cheng
31,1106,2013,6,20,13,I,Winston Chang
33,1106,2013,6,12,1,I,Winston Chang
65,1106,2013,2,18,2,I,Winston Chang
77,1106,2013,1,30,3,I,Winston Chang
77,1110,2013,1,26,1,I,Joe Cheng
94,1106,2013,1,16,9,I,Winston Chang
95,1106,2013,4,1,2,I,Winston Chang
104,1106,2013,1,7,1,I,Winston Chang
106,1106,2013,2,8,2,I,Winston Chang
152,1106,2012,8,13,3,I,Winston Chang
162,1106,2012,7,26,3,I,Winston Chang
162,1106,2012,8,15,1,I,Winston Chang
163,1106,2012,7,23,2,I,Winston Chang
163,1106,2012,8,9,2,I,Winston Chang
228,1207,2013,8,24,2,I,Pieter Wuille
240,1207,2013,7,25,1,I,Pieter Wuille
243,1207,2013,7,24,3,I,Pieter Wuille
250,1207,2013,6,24,1,I,Pieter Wuille
288,1198,2013,8,31,1,I,Philip Kaufmann
297,1198,2013,8,28,1,I,Philip Kaufmann
300,1198,2013,8,25,1,I,Philip Kaufmann
301,1198,2013,8,25,1,I,Philip Kaufmann
304,1198,2013,8,24,1,I,Philip Kaufmann
305,1198,2013,8,24,1,I,Philip Kaufmann
309,1198,2013,8,21,1,I,Philip Kaufmann
314,1207,2013,8,20,2,I,Pieter Wuille
320,1207,2013,8,17,2,I,Pieter Wuille
336,1198,2013,8,5,1,I,Philip Kaufmann
338,1207,2013,8,3,2,I,Pieter Wuille
350,1198,2013,7,24,1,I,Philip Kaufmann
351,1198,2013,7,23,1,I,Philip Kaufmann
352,1198,2013,7,23,1,I,Philip Kaufmann
378,1198,2013,7,13,1,I,Philip Kaufmann
380,1198,2013,7,13,1,I,Philip Kaufmann
425,1207,2013,6,22,1,I,Pieter Wuille
428,1207,2013,6,19,1,I,Pieter Wuille
463,1110,2012,4,11,1,I,Joe Cheng
473,1198,2013,6,5,1,I,Philip Kaufmann
481,1198,2013,6,3,1,I,Philip Kaufmann
490,1207,2013,5,29,1,I,Pieter Wuille
505,1198,2013,5,22,1,I,Philip Kaufmann
507,1207,2013,5,22,1,I,Pieter Wuille
539,2513,2013,7,25,1,I,Ivan De Marino
603,1198,2013,5,12,1,I,Philip Kaufmann
610,1207,2013,5,12,1,I,Pieter Wuille
623,1198,2013,5,7,1,I,Philip Kaufmann
650,2513,2012,12,19,1,I,Ivan De Marino
652,2513,2012,12,17,1,I,Ivan De Marino
675,1207,2013,4,30,2,I,Pieter Wuille
675,1207,2013,5,4,1,I,Pieter Wuille
701,1207,2013,4,26,1,I,Pieter Wuille
708,2513,2012,11,17,1,I,Ivan De Marino
713,1207,2013,4,25,1,I,Pieter Wuille
716,1106,2013,1,15,11,I,Winston Chang
716,1110,2013,1,8,4,I,Joe Cheng
722,1198,2013,4,25,1,I,Philip Kaufmann
725,2513,2012,10,31,1,I,Ivan De Marino
730,1207,2013,4,23,1,I,Pieter Wuille
738,1198,2013,4,22,1,I,Philip Kaufmann
739,2513,2012,10,16,1,I,Ivan De Marino
744,1207,2013,4,18,1,I,Pieter Wuille
749,1198,2013,4,18,1,I,Philip Kaufmann
751,2513,2012,9,21,1,I,Ivan De Marino
765,2513,2012,9,9,1,I,Ivan De Marino
768,2513,2012,7,27,2,I,Ivan De Marino
768,2513,2012,8,13,3,I,Ivan De Marino
768,2513,2012,9,5,3,I,Ivan De Marino
769,1198,2013,4,14,4,I,Philip Kaufmann
777,1198,2013,4,10,1,I,Philip Kaufmann
788,2638,2012,8,4,1,I,Jon Leighton
789,1198,2013,4,10,3,I,Philip Kaufmann
792,1198,2013,4,10,1,I,Philip Kaufmann
798,1198,2013,4,8,1,I,Philip Kaufmann
798,1207,2013,3,28,1,I,Pieter Wuille
798,1207,2013,4,12,1,I,Pieter Wuille
801,1198,2013,4,8,1,I,Philip Kaufmann
803,1198,2013,4,7,1,I,Philip Kaufmann
805,2638,2012,7,7,1,I,Jon Leighton
806,1198,2013,4,7,1,I,Philip Kaufmann
808,1198,2013,4,7,1,I,Philip Kaufmann
809,2638,2012,7,7,4,I,Jon Leighton
810,2638,2012,7,7,1,I,Jon Leighton
815,2513,2012,7,3,1,I,Ivan De Marino
821,1207,2013,4,6,1,I,Pieter Wuille
822,1198,2013,4,6,1,I,Philip Kaufmann
825,2638,2012,6,29,4,I,Jon Leighton
826,2638,2012,6,29,4,I,Jon Leighton
827,1198,2013,4,4,1,I,Philip Kaufmann
828,1207,2013,4,7,2,I,Pieter Wuille
830,1198,2013,4,4,1,I,Philip Kaufmann
832,1198,2013,4,4,1,I,Philip Kaufmann
833,2638,2012,6,25,2,I,Jon Leighton
837,1198,2013,4,4,1,I,Philip Kaufmann
840,2638,2012,6,19,1,I,Jon Leighton
842,1207,2013,4,3,1,I,Pieter Wuille
847,1198,2013,4,3,1,I,Philip Kaufmann
849,2513,2012,6,17,3,I,Ivan De Marino
850,1198,2013,4,3,1,I,Philip Kaufmann
851,2638,2012,6,17,1,I,Jon Leighton
852,1198,2013,4,2,1,I,Philip Kaufmann
853,2638,2012,6,16,2,I,Jon Leighton
854,2513,2012,5,30,6,I,Ivan De Marino
854,2513,2012,6,14,1,I,Ivan De Marino
858,2638,2012,6,13,1,I,Jon Leighton
864,2638,2012,6,10,1,I,Jon Leighton
865,1198,2013,4,1,1,I,Philip Kaufmann
867,1198,2013,4,1,1,I,Philip Kaufmann
876,2638,2012,6,5,1,I,Jon Leighton
877,2638,2012,6,5,2,I,Jon Leighton
880,2638,2012,6,5,1,I,Jon Leighton
886,1207,2013,3,28,1,I,Pieter Wuille
889,1207,2013,3,28,1,I,Pieter Wuille
890,1207,2013,3,28,1,I,Pieter Wuille
90441,955,2011,5,19,3,O,Andre d
90442,955,2011,7,18,6,O,Andre d
90443,955,2011,8,10,10,O,Andre d
90444,955,2011,9,29,3,O,Andre d
90445,955,2011,10,26,3,O,Andre d
90446,955,2011,11,11,2,O,Andre d
90447,955,2012,1,4,1,O,Andre d
90448,955,2012,2,3,3,O,Andre d
90449,955,2012,5,23,1,O,Andre d
90450,955,2012,6,27,1,O,Andre d
90451,955,2012,8,24,14,O,Andre d
90452,955,2012,9,28,48,O,Andre d
90453,955,2012,10,2,48,O,Andre d
90454,955,2012,11,26,21,O,Andre d
90455,955,2012,12,13,12,O,Andre d
90456,955,2013,1,13,13,O,Andre d
90457,955,2013,2,22,6,O,Andre d
90458,955,2013,3,11,5,O,Andre d
90459,955,2013,5,29,39,O,Andre d
90460,955,2013,6,6,18,O,Andre d
90461,955,2013,7,31,21,O,Andre d
90462,955,2013,8,4,7,O,Andre d
90463,955,2013,9,24,2,O,Andre d
90488,76310,2011,4,27,3,O,Neil Williams
90489,76310,2011,5,25,7,O,Neil Williams
90490,76310,2011,6,9,15,O,Neil Williams
90491,76310,2011,7,21,9,O,Neil Williams
90492,76310,2011,8,24,19,O,Neil Williams
90493,76310,2011,9,3,11,O,Neil Williams
90494,76310,2011,10,21,21,O,Neil Williams
90495,76310,2011,11,17,31,O,Neil Williams
90496,76310,2011,12,28,18,O,Neil Williams
90497,76310,2012,1,30,17,O,Neil Williams
90498,76310,2012,2,9,11,O,Neil Williams
90499,76310,2012,3,28,28,O,Neil Williams
90500,76310,2012,4,27,29,O,Neil Williams
90501,76310,2012,5,21,36,O,Neil Williams
90502,76310,2012,6,28,42,O,Neil Williams
90503,76310,2012,7,30,36,O,Neil Williams
90504,76310,2012,8,30,46,O,Neil Williams
90505,76310,2012,9,29,30,O,Neil Williams
90506,76310,2012,10,26,28,O,Neil Williams
90507,76310,2012,11,20,31,O,Neil Williams
90508,76310,2012,12,14,40,O,Neil Williams
90509,76310,2013,1,28,53,O,Neil Williams
90510,76310,2013,2,4,16,O,Neil Williams
90511,76310,2013,3,13,20,O,Neil Williams
90512,76310,2013,4,30,1,O,Neil Williams
90513,76310,2013,5,7,25,O,Neil Williams
90514,76310,2013,6,26,10,O,Neil Williams
90515,76310,2013,7,16,10,O,Neil Williams
90516,76310,2013,8,21,8,O,Neil Williams
90517,76310,2013,9,9,4,O,Neil Williams
90518,76310,2013,10,1,1,O,Neil Williams
90548,155140,2008,6,30,9,O,David King
90549,155140,2008,7,3,4,O,David King
90550,155140,2008,8,27,7,O,David King
90551,155140,2008,9,30,15,O,David King
90552,155140,2008,10,6,3,O,David King
90553,155140,2008,11,20,6,O,David King
90554,155140,2008,12,17,9,O,David King
90555,155140,2009,2,27,7,O,David King
90556,155140,2009,3,11,3,O,David King
90557,155140,2009,4,25,1,O,David King
90558,155140,2009,5,29,6,O,David King
90559,155140,2009,6,24,3,O,David King
90560,155140,2009,7,31,15,O,David King
90561,155140,2009,8,11,3,O,David King
90562,155140,2010,5,3,2,O,David King
90563,155140,2010,7,21,1,O,David King
90564,155140,2010,10,18,5,O,David King
90565,155140,2011,2,23,1,O,David King
90566,155140,2011,5,26,1,O,David King
90567,155140,2011,12,14,1,O,David King
90568,155140,2013,2,11,3,O,David King
90573,155195,2011,6,9,3,O,Brian Simpson
90574,155195,2011,7,16,5,O,Brian Simpson
90575,155195,2011,8,18,5,O,Brian Simpson
90576,155195,2011,9,7,2,O,Brian Simpson
90577,155195,2011,10,21,2,O,Brian Simpson
90578,155195,2011,11,7,5,O,Brian Simpson
90579,155195,2011,12,27,10,O,Brian Simpson
90580,155195,2012,1,13,4,O,Brian Simpson
90581,155195,2012,2,13,4,O,Brian Simpson
90582,155195,2012,3,30,10,O,Brian Simpson
90583,155195,2012,4,2,11,O,Brian Simpson
90584,155195,2012,5,30,4,O,Brian Simpson
90585,155195,2012,6,6,13,O,Brian Simpson
90586,155195,2012,7,18,21,O,Brian Simpson
90587,155195,2012,8,13,10,O,Brian Simpson
90588,155195,2012,10,21,32,O,Brian Simpson
90589,155195,2012,11,3,23,O,Brian Simpson
90590,155195,2012,12,6,5,O,Brian Simpson
90591,155195,2013,1,30,22,O,Brian Simpson
90592,155195,2013,2,19,21,O,Brian Simpson
90593,155195,2013,3,11,20,O,Brian Simpson
90594,155195,2013,4,15,34,O,Brian Simpson
90595,155195,2013,5,13,16,O,Brian Simpson
90596,155195,2013,6,11,13,O,Brian Simpson
90597,155195,2013,7,12,15,O,Brian Simpson
90598,155195,2013,8,20,1,O,Brian Simpson
90599,155195,2013,9,24,1,O,Brian Simpson
90600,155199,2011,6,21,7,O,Logan Hanks
90601,155199,2011,7,27,11,O,Logan Hanks
90602,155199,2011,8,5,14,O,Logan Hanks
90603,155199,2011,9,23,14,O,Logan Hanks
90604,155199,2011,10,28,16,O,Logan Hanks
90605,155199,2011,11,7,17,O,Logan Hanks
90606,155199,2011,12,14,6,O,Logan Hanks
90607,155199,2012,1,17,4,O,Logan Hanks
90608,155199,2012,2,8,3,O,Logan Hanks
90609,155199,2012,3,23,6,O,Logan Hanks
90610,155199,2012,4,25,22,O,Logan Hanks
90611,155199,2012,6,20,1,O,Logan Hanks
90612,155199,2012,7,31,21,O,Logan Hanks
90613,155199,2012,8,27,14,O,Logan Hanks
90614,155199,2012,9,21,19,O,Logan Hanks
90615,155199,2012,10,18,21,O,Logan Hanks
90616,155199,2012,11,20,2,O,Logan Hanks
90617,155199,2012,12,12,7,O,Logan Hanks
90618,155199,2013,1,30,5,O,Logan Hanks
90619,155199,2013,2,22,14,O,Logan Hanks
90620,155199,2013,3,15,2,O,Logan Hanks
90621,155199,2013,4,12,1,O,Logan Hanks
90622,155199,2013,7,23,1,O,Logan Hanks
90625,155259,2010,10,20,1,O,Max Goodman
90626,155259,2011,5,18,26,O,Max Goodman
90627,155259,2011,6,29,32,O,Max Goodman
90628,155259,2011,7,26,9,O,Max Goodman
90629,155259,2011,8,13,16,O,Max Goodman
90630,155259,2011,9,23,28,O,Max Goodman
90631,155259,2011,10,7,37,O,Max Goodman
90632,155259,2011,11,27,28,O,Max Goodman
90633,155259,2011,12,22,20,O,Max Goodman
90634,155259,2012,1,2,9,O,Max Goodman
90635,155259,2012,2,7,14,O,Max Goodman
90636,155259,2012,3,13,35,O,Max Goodman
90637,155259,2012,4,24,9,O,Max Goodman
90638,155259,2012,5,31,17,O,Max Goodman
90639,155259,2012,6,19,16,O,Max Goodman
90640,155259,2012,7,7,20,O,Max Goodman
90641,155259,2012,8,23,46,O,Max Goodman
90642,155259,2012,9,14,35,O,Max Goodman
90643,155259,2012,10,9,27,O,Max Goodman
90644,155259,2012,11,8,30,O,Max Goodman
90645,155259,2012,12,12,18,O,Max Goodman
90646,155259,2013,1,22,19,O,Max Goodman
90647,155259,2013,2,27,29,O,Max Goodman
90648,155259,2013,3,31,66,O,Max Goodman
90649,155259,2013,4,23,46,O,Max Goodman
90650,155259,2013,5,19,83,O,Max Goodman
90651,155259,2013,6,20,19,O,Max Goodman
90652,155259,2013,7,26,43,O,Max Goodman
90653,155259,2013,8,21,11,O,Max Goodman
90654,155259,2013,9,3,5,O,Max Goodman
90671,155366,2012,3,29,1,O,Ricky Ramirez
90672,155366,2012,9,27,1,O,Ricky Ramirez
90673,155366,2012,10,30,2,O,Ricky Ramirez
90674,155366,2012,11,21,1,O,Ricky Ramirez
90675,155366,2012,12,19,4,O,Ricky Ramirez
90676,155366,2013,1,17,6,O,Ricky Ramirez
90677,155366,2013,2,10,11,O,Ricky Ramirez
90678,155366,2013,3,28,2,O,Ricky Ramirez
90679,155366,2013,4,11,1,O,Ricky Ramirez
90680,155366,2013,5,10,7,O,Ricky Ramirez
90681,155366,2013,6,19,10,O,Ricky Ramirez
90682,155366,2013,7,12,9,O,Ricky Ramirez
90683,155366,2013,8,9,9,O,Ricky Ramirez
90704,155543,2012,5,10,5,O,shlurbee
90705,155543,2012,6,27,9,O,shlurbee
90706,155543,2012,7,26,19,O,shlurbee
90707,155543,2012,8,28,6,O,shlurbee
90708,155543,2012,9,12,5,O,shlurbee
90709,155543,2012,10,29,16,O,shlurbee
90710,155543,2012,11,16,6,O,shlurbee
90741,155842,2012,3,30,5,O,Chad Birch
90742,155842,2012,8,8,1,O,Chad Birch
90743,155842,2012,9,12,2,O,Chad Birch
90744,155842,2012,10,1,1,O,Chad Birch
90745,155842,2013,1,28,6,O,Chad Birch
90746,155842,2013,2,26,17,O,Chad Birch
90747,155842,2013,3,12,21,O,Chad Birch
90748,155842,2013,4,30,13,O,Chad Birch
90749,155842,2013,5,23,7,O,Chad Birch
90750,155842,2013,6,12,16,O,Chad Birch
90751,155842,2013,7,24,19,O,Chad Birch
90752,155842,2013,8,21,16,O,Chad Birch
90763,155864,2011,6,17,4,O,Keith Mitchell
90764,155864,2011,7,7,9,O,Keith Mitchell
90765,155864,2011,8,15,4,O,Keith Mitchell
90766,155864,2011,10,13,2,O,Keith Mitchell
90767,155864,2011,11,15,3,O,Keith Mitchell
90768,155864,2011,12,15,12,O,Keith Mitchell
90769,155864,2012,1,5,9,O,Keith Mitchell
90770,155864,2012,2,14,14,O,Keith Mitchell
90771,155864,2012,3,13,11,O,Keith Mitchell
90772,155864,2012,4,3,15,O,Keith Mitchell
90773,155864,2012,5,16,6,O,Keith Mitchell
90774,155864,2012,6,12,14,O,Keith Mitchell
90775,155864,2012,7,30,13,O,Keith Mitchell
90776,155864,2012,8,22,20,O,Keith Mitchell
90777,155864,2012,9,26,10,O,Keith Mitchell
90778,155864,2012,10,9,24,O,Keith Mitchell
90779,155864,2012,11,12,13,O,Keith Mitchell
90780,155864,2012,12,31,11,O,Keith Mitchell
90781,155864,2013,1,17,18,O,Keith Mitchell
90782,155864,2013,3,22,7,O,Keith Mitchell
90783,155864,2013,4,1,3,O,Keith Mitchell
90784,155868,2011,6,28,1,O,Jason Harvey
90785,155868,2011,7,21,1,O,Jason Harvey
90786,155868,2011,8,18,1,O,Jason Harvey
90787,155868,2012,1,5,1,O,Jason Harvey
90788,155868,2012,8,16,13,O,Jason Harvey
90789,155868,2012,9,17,3,O,Jason Harvey
90790,155868,2012,11,16,3,O,Jason Harvey
90791,155868,2012,12,27,2,O,Jason Harvey
90792,155868,2013,1,19,2,O,Jason Harvey
90793,155868,2013,2,28,9,O,Jason Harvey
90794,155868,2013,3,11,2,O,Jason Harvey
90795,155868,2013,4,8,1,O,Jason Harvey
90796,155868,2013,5,20,3,O,Jason Harvey
90797,155868,2013,7,18,1,O,Jason Harvey
90808,156058,2011,6,28,2,O,Jeff Sandberg
90809,156058,2011,7,25,24,O,Jeff Sandberg
90810,156058,2011,8,31,9,O,Jeff Sandberg
90838,156166,2008,6,18,3,O,Christopher Slowe
90839,156166,2008,7,30,16,O,Christopher Slowe
90840,156166,2008,8,28,4,O,Christopher Slowe
90841,156166,2008,9,26,9,O,Christopher Slowe
90842,156166,2008,10,24,11,O,Christopher Slowe
90843,156166,2009,1,29,10,O,Christopher Slowe
90844,156166,2009,2,19,10,O,Christopher Slowe
90845,156166,2009,3,19,11,O,Christopher Slowe
90846,156166,2009,4,27,3,O,Christopher Slowe
90847,156166,2009,5,26,12,O,Christopher Slowe
90848,156166,2009,6,29,7,O,Christopher Slowe
90849,156166,2009,7,22,18,O,Christopher Slowe
90850,156166,2009,8,12,2,O,Christopher Slowe
90851,156166,2009,12,1,1,O,Christopher Slowe
90852,156166,2010,5,28,5,O,Christopher Slowe
90853,156166,2010,6,25,2,O,Christopher Slowe
90872,505626,2008,6,20,3,O,spez
90873,505626,2008,7,24,3,O,spez
90874,505626,2008,9,30,14,O,spez
90875,505626,2008,10,29,14,O,spez
90876,505626,2008,11,19,12,O,spez
90877,505626,2008,12,16,4,O,spez
90878,505626,2009,1,28,5,O,spez
90879,505626,2009,2,24,13,O,spez
90880,505626,2009,3,25,8,O,spez
90881,505626,2009,4,17,2,O,spez
90882,505626,2009,5,30,7,O,spez
90883,505626,2009,6,22,13,O,spez
90884,505626,2009,7,31,6,O,spez
